Faculty of faculty,department,contact details
Faculty of Arts,Department of Arabic,
Faculty of Arts,Department of English,
Faculty of Arts,Department of Germanic & Romance Studies,
Faculty of Arts,Department of Hindi,
Faculty of Arts,Department of Library & Information Science,
Faculty of Arts,Department of Linguistics,
Faculty of Arts,Department of Modern Indian Languages and Literary Studies,
Faculty of Arts,Department of Persian,
Faculty of Arts,Department of Philosophy,
Faculty of Arts,Department of Psychology,
Faculty of Arts,Department of Slavonic & Finno-Ugrian Studies,
Faculty of Arts,Department of Sanskrit,
Faculty of Arts,Department of Punjabi,
Faculty of Arts,Department of Urdu,
Faculty of Arts,Department of Buddhist Studies,
Faculty of Applied Social Sciences and Humanities,Department of Finance and Business Economics,
Faculty of Commerce & Business Studies,Department of Commerce,
Faculty of Education,Department of Education,
Faculty of Interdisciplinary & Applied Sciences,Department of Biochemistry,
Faculty of Interdisciplinary & Applied Sciences,Department of Biophysics,
Faculty of Interdisciplinary & Applied Sciences,Department of Electronics Science,
Faculty of Interdisciplinary & Applied Sciences,Department of Genetics,
Faculty of Interdisciplinary & Applied Sciences,Department of Physical Education & Sports Sciences,
Faculty of Interdisciplinary & Applied Sciences,Department of Plant Molecular Biology,
Faculty of Interdisciplinary & Applied Sciences,Department of Microbiology,
Faculty of Interdisciplinary & Applied Sciences,Department of Institute of Informatics & Communication (IIC),
Faculty of Law,Department of Law,
Faculty of Management Studies,Department of Business Management & Industrial Administration,
Faculty of Mathematical Sciences,Department of Operational Research,
Faculty of Mathematical Sciences,Department of Statistics,
Faculty of Mathematical Sciences,Department of Mathematics,
Faculty of Mathematical Sciences,Department of Computer Science,
Faculty of Medical Sciences,Department of Anaesthesiology & Critical Care,
Faculty of Medical Sciences,Department of Anatomy,
Faculty of Medical Sciences,Department of Medical Bio-Chemistry,
Faculty of Medical Sciences,Department of Community Medicine,
Faculty of Medical Sciences,Department of "Dermatology, Venereology & Leprosy",
Faculty of Medical Sciences,Department of Dental Sciences,
Faculty of Medical Sciences,Department of Opthalmology,
Faculty of Medical Sciences,Department of Medical Microbiology,
Faculty of Medical Sciences,Department of Medicine,
Faculty of Medical Sciences,Department of Obstetrics & Gyanaecology,
Faculty of Medical Sciences,Department of Forensic Medicine,
Faculty of Medical Sciences,Department of Surgery,
Faculty of Medical Sciences,Department of "Radiology, Radiotherapy, Radiodiagnosis & Radiation Medicine",
Faculty of Medical Sciences,Department of Pulmonary Medicine,
Faculty of Medical Sciences,Department of Psychiatry,
Faculty of Medical Sciences,Department of Physiology,
Faculty of Medical Sciences,Department of Pharmacology,
Faculty of Medical Sciences,Department of Pathology,
Faculty of Medical Sciences,Department of Paediatrics,
Faculty of Medical Sciences,Department of Otolaryngology,
Faculty of Medical Sciences,Department of Orthopaedics,
Faculty of Music,Department of Music,
Faculty of Music,Department of Fine Arts,
Faculty of Open Learning,Department of Distance & Continuing Education,
Faculty of Science,Department of Zoology,
Faculty of Science,Department of Physics & Astrophysics,
Faculty of Science,Department of Geology,
Faculty of Science,Department of Environmental Studies,
Faculty of Science,Department of Chemistry,
Faculty of Science,Department of Botany,
Faculty of Science,Department of Anthropology,
Faculty of Science,Department of Pharmacy,
Faculty of Science,Department of Home Science,
Faculty of Science,Department of Nursing,
Faculty of Social Sciences,Department of Sociology,
Faculty of Social Sciences,Department of Political Science,
Faculty of Social Sciences,Department of Economics,
Faculty of Social Sciences,Department of East Asian Studies,
Faculty of Social Sciences,Department of Delhi School of Journalism,
Faculty of Social Sciences,Department of African Studies,
Faculty of Social Sciences,Department of "Adult, Continuing Education & Extension",
Faculty of Social Sciences,Department of Geography,
Faculty of Social Sciences,Department of Social Work,
Faculty of Social Sciences,Department of History,
Faculty of Technology,,
Faculty of Affiliated Faculties,,